gene,mutation,n_candidates,expr_tpm,epicurus_v0_1,genuine_prime,pres_bestmt_pctile,netmhcpan_el_pctile,mhcflurry_el_pctile,bigmhc_im,deepimmuno,recognized
DYNC1H1,ENSP00000348965.4:p.Val314Ile,210,357.14,1.7514653337685724,-0.002,-0.001,-0.01,-0.0153804347826422,0.61101025,0.9237584,True
RNF213,ENSP00000425956.2:p.Leu1120del,380,605.95,1.742656638143481,-0.719,-0.366,-0.84,-0.3657336956521533,0.11312336,0.96184283,False
BMP1,ENSP00000306121.8:p.Ser366Thr,420,45.52,1.7054993068061641,-0.02,-0.1,-0.27,-0.3385597826086837,0.22048166,0.96829414,False
EXOC4,ENSP00000253861.4:p.Ser34Ile,420,125.31,1.7004286730316513,-0.674,-0.492,-1.3,-0.4916032608695388,0.19973777,0.96438044,False
PIP5K1A,ENSP00000271663.7:p.Gly461AlafsTer22,1680,41.31,1.6476453372795898,-0.001,-0.001,-0.01,-0.0072554347826212,0.38306284,0.9926152,False
H1-2,ENSP00000339566.3:p.Ala197_Lys201del,130,486.11,1.5930218399954974,-3.18,-0.89,-1.4,-1.369456521739039,0.10530672,0.98989415,False
TECPR1,ENSP00000404923.2:p.Thr259HisfsTer77,1520,28.73,1.5296862416510284,-0.021,-0.006,-0.01,-0.1168206521739136,0.646901,0.9961517,False
SMC5,ENSP00000354957.5:p.Arg371Lys,210,23.66,1.472980592691267,-0.148,-0.01,-0.01,-0.37358695652172,0.53829354,0.9776902,False
VPS72,ENSP00000346464.4:p.Lys115Arg,630,20.35,1.4503072319636239,-0.123,-0.03,-0.03,-0.2334510869565207,0.7680221,0.9624675,False
NME1,ENSP00000013034.3:p.Gly24Arg,840,19.71,1.3480812523222028,-0.963,-0.3,-1.9,-1.1225271739129,0.082690015,0.9034039,False
NAV2,ENSP00000309577.6:p.Ala1753Val,1680,13.05,1.2627794766213762,-0.42,-0.51,-1.4,-1.548505434782527,0.17721415,0.9304124,False
SLC25A12,ENSP00000388658.2:p.Ile347Thr,210,9.19,1.1967615574230694,-0.142,-0.21,-0.64,-0.9172826086955156,0.21781524,0.9758646,False
CDC40,ENSP00000304370.1:p.Trp475Ser,630,12.59,1.1959417652376252,-0.727,-0.016,-0.1,-0.2683967391303952,0.25344732,0.93209785,False
TRMO,ENSP00000364259.1:p.Gly59Glu,630,16.86,1.1710331072384514,-1.674,-1.1,-1.1,-3.1588586956520857,0.02221049,0.9613531,False
ZNF436,ENSP00000313582.4:p.Ser207Cys,420,5.47,1.1100378612131467,-0.111,-0.24,-0.44,-0.5491304347825547,0.2980254,0.9365843,False
GTF3C5,ENSP00000339530.7:p.Glu434_Glu437del,360,29.47,1.0649654064705114,-7.215,-1.291,-7.1,-2.1549456521738364,0.01832612,0.9172778,False
BTD,ENSP00000306477.6:p.Phe423Val,1890,4.9,1.0283386168716735,-0.216,-0.039,-0.15,-0.1447826086956638,0.14700869,0.96873164,False
WWC1,ENSP00000265293.4:p.Val179Gly,630,4.35,0.954595023557025,-0.391,-0.4,-0.4,-0.5143749999999585,0.17283633,0.9556204,False
ZNF674,ENSP00000428248.1:p.Leu176Phe,420,4.08,0.9230394645479948,-0.162,-0.2,-1.8,-1.4610869565216404,0.16111442,0.94227093,False
NME1-NME2,ENSP00000451932.1:p.Gly24Arg,210,0.35,0.8615832242699851,-0.963,-0.3,-1.9,-1.1225271739129,0.082690015,0.9034039,False
ROBO2,ENSP00000327536.8:p.Asn1064Lys,1260,5.77,0.7847531021185433,-1.972,-1.365,-2.7,-1.7038043478259937,0.12199812,0.9651676,False
