timepoint,mutation_label,gene,protein_change,is_mutation_specific,trb,log2fc_umi,fold_expansion,baseline_pct,poststim_pct,pool_kind,label_state,resolution_state,source_file,source_sha256
Aug,ASPM.p.G2179R,ASPM,p.G2179R,true,CASSFSGARDTEAFF,-4.459431618637297,0.49118504752697034,2.7171144244826e-4,0.013295178282009722,tumor,POSITIVE,MUTATION_TCR,Aug_all_expanders.tsv,ffaced2c629cf613fcef5bbbf2017ef9a4fd8966f8d347eef56d71235ac5b6c7
Aug,ASPM.p.G2179R,ASPM,p.G2179R,true,CASSVEGGSEKLFF,-1,7.3310372771474865,0,6.331037277147488e-4,tumor,POSITIVE,MUTATION_TCR,Aug_all_expanders.tsv,ffaced2c629cf613fcef5bbbf2017ef9a4fd8966f8d347eef56d71235ac5b6c7
Aug,DYNC1H1.p.V314I,DYNC1H1,p.V314I,true,CASSPGDSSYEQYF,-4.754887502163468,9.209614622017611,1.69819651530168e-5,0.016460696920583467,tumor,POSITIVE,MUTATION_TCR,Aug_all_expanders.tsv,ffaced2c629cf613fcef5bbbf2017ef9a4fd8966f8d347eef56d71235ac5b6c7
Aug,DYNC1H1.p.V314I,DYNC1H1,p.V314I,true,CASSPGTGGYEQYF,1.8259706002249512,8.720123471086568,3.39639303060337e-5,0.030388978930307946,tumor,POSITIVE,MUTATION_TCR,Aug_all_expanders.tsv,ffaced2c629cf613fcef5bbbf2017ef9a4fd8966f8d347eef56d71235ac5b6c7
Aug,DYNC1H1.p.V314I,DYNC1H1,p.V314I,true,CASSPWASGGNTDTQYF,-3.770388595703656,126.96104506633068,3.39639303060337e-5,0.4438057131280389,tumor,POSITIVE,MUTATION_TCR,Aug_all_expanders.tsv,ffaced2c629cf613fcef5bbbf2017ef9a4fd8966f8d347eef56d71235ac5b6c7
May,ASPM.p.G2179R,ASPM,p.G2179R,true,CASSFSGARDTEAFF,-4.321928094887363,0.3066217061154099,2.7170748748216e-4,0.008261803508222669,tumor,POSITIVE,MUTATION_TCR,May_all_expanders.tsv,f71b0e97c04fa8fc04049e26dab85038df43ece4852147320faf74543a5f15a2
May,ASPM.p.G2179R,ASPM,p.G2179R,true,CASSRQYNEQFF,-1,0.04101957597538523,1.2938451784865e-4,4.3483176359066677e-4,tumor,POSITIVE,MUTATION_TCR,May_all_expanders.tsv,f71b0e97c04fa8fc04049e26dab85038df43ece4852147320faf74543a5f15a2
May,ASPM.p.G2179R,ASPM,p.G2179R,true,CASSVEGGSEKLFF,-1,0.13432801461332053,3.88153553545956e-5,4.3483176359066677e-4,tumor,POSITIVE,MUTATION_TCR,May_all_expanders.tsv,f71b0e97c04fa8fc04049e26dab85038df43ece4852147320faf74543a5f15a2
May,DYNC1H1.p.V314I,DYNC1H1,p.V314I,true,CASSFGVGQSSSYEQYF,1.6531340033627355,16.89424317764221,6.4692258924326e-5,0.11088209971562002,tumor,POSITIVE,MUTATION_TCR,May_all_expanders.tsv,f71b0e97c04fa8fc04049e26dab85038df43ece4852147320faf74543a5f15a2
May,DYNC1H1.p.V314I,DYNC1H1,p.V314I,true,CASSPGDSSYEQYF,1.658963082164933,50.83813818543975,2.58769035697304e-5,0.13653717376746938,tumor,POSITIVE,MUTATION_TCR,May_all_expanders.tsv,f71b0e97c04fa8fc04049e26dab85038df43ece4852147320faf74543a5f15a2
May,DYNC1H1.p.V314I,DYNC1H1,p.V314I,true,CASSPGTGGYEQYF,0.5367534076785364,8.178633646720948,9.05691624940563e-5,0.07479106333759468,tumor,POSITIVE,MUTATION_TCR,May_all_expanders.tsv,f71b0e97c04fa8fc04049e26dab85038df43ece4852147320faf74543a5f15a2
May,DYNC1H1.p.V314I,DYNC1H1,p.V314I,true,CASSPWASGGNTDTQYF,-0.04825516860722117,115.64606366476508,7.76307107091911e-5,0.9092332176680842,tumor,POSITIVE,MUTATION_TCR,May_all_expanders.tsv,f71b0e97c04fa8fc04049e26dab85038df43ece4852147320faf74543a5f15a2
May,DYNC1H1.p.V314I,DYNC1H1,p.V314I,true,CASSYSTSFGYEQYF,-3.1699250014423126,1.3314979158371965,2.58769035697304e-5,0.003478654108725334,tumor,POSITIVE,MUTATION_TCR,May_all_expanders.tsv,f71b0e97c04fa8fc04049e26dab85038df43ece4852147320faf74543a5f15a2
May,MAP2.p.GYCVFNKYTV868fs,MAP2,p.GYCVFNKYTV868fs,true,CASSNYDRSSSYNEQFF,0.3959286763311393,13.174299667016848,1.29384517848652e-5,0.018262934070808003,tumor,POSITIVE,MUTATION_TCR,May_all_expanders.tsv,f71b0e97c04fa8fc04049e26dab85038df43ece4852147320faf74543a5f15a2
May,MAP2.p.GYCVFNKYTV868fs,MAP2,p.GYCVFNKYTV868fs,true,CASSSTGDEQFF,-0.11433267547899488,125.48191984518856,1.29384517848652e-5,0.17480236896344803,tumor,POSITIVE,MUTATION_TCR,May_all_expanders.tsv,f71b0e97c04fa8fc04049e26dab85038df43ece4852147320faf74543a5f15a2
