target_id,gene,protein_change,chrom,pos,ref,alt,recognized_by,in_vafs_long,detected_pipelines,in_pvactools_2025,in_curated_21,in_vaccine,has_site_elispot,site_elispot_best,hudson_recognized,gene_tpm,first_failure_stage,adjudication
ASPM-chr1-197102716,ASPM,p.G2179R,chr1,197102716,C,T,hudson_ifng_tcr,true,DRAGEN; Sarek; oncoanalyser,false,false,false,false,,true,16.49,pvactools_2025_candidate,"ASPM p.G2179R (Hudson-recognized May+Aug) = site variant ASPM-chr1-197102716 (p.Gly2179Arg), called by DRAGEN/Sarek/oncoanalyser, vaccine-included and site-ELISPOT-listed, but ABSENT from the pVACtools 2025.01 candidate universe (pVACtools has no ASPM). Lost at candidate generation, NOT variant calling — corrects dd3efd1's 'off-callset' claim."
DYNC1H1-chr14-101980529,DYNC1H1,p.V314I,chr14,101980529,G,A,hudson_ifng_tcr,true,DRAGEN; Sarek; oncoanalyser,true,true,true,true,very strong,true,357.14,reached_shortlist,DYNC1H1 p.V314I (recognized May+Aug) = site variant DYNC1H1-chr14-101980529 (p.Val314Ile); present in pVACtools 2025 AND curated-21 -> reaches the shortlist (the only recognized target Epicurus could rank).
MAP2-chr2-209694772,MAP2,p.GYCVFNKYTV868fs,chr2,209694772,GGCTACTGTGTGTTCAATAAGTACACAGT,G,hudson_ifng_tcr,true,DRAGEN; Sarek; oncoanalyser,false,false,false,false,,true,5.2,pvactools_2025_candidate,
ADGRF5-chr6-46856758,ADGRF5,p.Asn1279Ser,chr6,46856758,T,C,site_elispot_positive,true,DRAGEN; Sarek; oncoanalyser,false,false,true,true,response,false,,pvactools_2025_candidate,
BTD-chr3-15645183,BTD,p.Phe445Val,chr3,15645183,T,G,site_elispot_positive,true,DRAGEN; Sarek; oncoanalyser,true,false,true,true,strong,false,4.9,curated_21_shortlist,
CUL9-chr6-43186384,CUL9,p.Asp403Tyr,chr6,43186384,G,T,site_elispot_positive,true,DRAGEN; Sarek; oncoanalyser,false,false,true,true,response,false,,pvactools_2025_candidate,
EPG5-chr18-45925851,EPG5,p.Ala869Thr,chr18,45925851,C,T,site_elispot_positive,true,DRAGEN; Sarek; oncoanalyser,false,false,true,true,response,false,,pvactools_2025_candidate,
EXOC4-chr7-133274996,EXOC4,p.Ser34Ile,chr7,133274996,G,T,site_elispot_positive,true,DRAGEN; Sarek; oncoanalyser,true,true,true,true,strong,false,125.31,reached_shortlist,
KDM3B-chr5-138391529,KDM3B,p.Pro633Ser,chr5,138391529,C,T,site_elispot_positive,true,DRAGEN; Sarek; oncoanalyser,false,false,true,true,strong,false,,pvactools_2025_candidate,
KIF1C-chr17-5007293,KIF1C,p.Glu456Lys,chr17,5007293,G,A,site_elispot_positive,true,DRAGEN; Sarek; oncoanalyser,false,false,true,true,response,false,,pvactools_2025_candidate,
MAP2-chr2-209694768,MAP2,p.Leu867fs,chr2,209694768,CCTGGGCTACTGTGTGTTCAATA,C,site_elispot_positive,true,DRAGEN; Sarek; oncoanalyser,false,false,true,true,strong,false,5.2,pvactools_2025_candidate,
MYO15B-chr17-75589953,MYO15B,fs,chr17,75589953,GC,G,site_elispot_positive,true,DRAGEN; Sarek; oncoanalyser,false,false,true,true,response,false,,pvactools_2025_candidate,
MYO9A-chr15-71994488,MYO9A,p.Asp523Val,chr15,71994488,T,A,site_elispot_positive,true,DRAGEN; Sarek; oncoanalyser,false,false,true,true,very strong,false,,pvactools_2025_candidate,
NR2F2-chr15-96332299,NR2F2,p.Gly65Val,chr15,96332299,G,T,site_elispot_positive,true,DRAGEN; Sarek; oncoanalyser,false,false,true,true,No response,false,,pvactools_2025_candidate,
SLC25A12-chr2-171813470,SLC25A12,p.Ile347Thr,chr2,171813470,A,G,site_elispot_positive,true,DRAGEN; Sarek; oncoanalyser,true,true,true,true,minimal,false,9.19,reached_shortlist,
TECPR1-chr7-98241127,TECPR1,p.Thr259fs,chr7,98241127,TG,T,site_elispot_positive,true,DRAGEN; Sarek; oncoanalyser,false,false,true,true,response,false,28.73,pvactools_2025_candidate,
